rounds,level,level_name,verdict,seconds,dag_nodes,tree_nodes,reason
1,0,plain,PROVED,0.06,20,48,
1,1,flatten,PROVED,0.06,20,48,
1,2,flatten+opaque,PROVED,0.09,30,48,
1,3,+MBA (1 layer),PROVED,0.13,42,96,
1,4,+MBA (2 layers),TESTED,20.26,70,1103,Z3 timeout
2,0,plain,PROVED,0.07,31,242,
2,1,flatten,PROVED,0.09,31,242,
2,2,flatten+opaque,PROVED,0.13,46,242,
2,3,+MBA (1 layer),TESTED,20.29,75,866,Z3 timeout
2,4,+MBA (2 layers),TESTED,20.33,125,108850,Z3 timeout
4,0,plain,PROVED,0.11,53,5170,
4,1,flatten,PROVED,0.17,53,5170,
4,2,flatten+opaque,PROVED,0.2,80,5170,
4,3,+MBA (1 layer),TESTED,20.41,143,63486,Z3 timeout
4,4,+MBA (2 layers),TESTED,20.53,237,1051152766,Z3 timeout
8,0,plain,PROVED,0.33,97,2241426,
8,1,flatten,PROVED,0.34,97,2241426,
8,2,flatten+opaque,PROVED,0.36,147,2241426,
8,3,+MBA (1 layer),TESTED,20.66,278,336316566,Z3 timeout
8,4,+MBA (2 layers),TESTED,21.49,460,98017137505495798,Z3 timeout
16,0,plain,PROVED,0.38,185,420172302546,
16,1,flatten,PROVED,0.62,185,420172302546,
16,2,flatten+opaque,PROVED,0.87,283,420172302546,
16,3,+MBA (1 layer),TESTED,21.26,550,9436268486464326,Z3 timeout
16,4,+MBA (2 layers),TESTED,21.8,908,852264436853255195032419288269158,Z3 timeout
32,0,plain,PROVED,0.59,361,14764907795020606786386,
32,1,flatten,PROVED,1.3,361,14764907795020606786386,
32,2,flatten+opaque,PROVED,1.31,554,14764907795020606786386,
32,3,+MBA (1 layer),TESTED,22.19,1093,7428554790399121999294575111846,Z3 timeout
32,4,+MBA (2 layers),TESTED,3.4,1803,64434590014629172924716142655016010496046514369063588521880624198,query too large (1803 DAG nodes > budget 1200)
